index	0-9	10-19	120-129	20-29	30-39	40-49	50-59	60-69	70-79	80-89	90-99
Abu Dhabi, Abu Dhabi, United Arab Emirates	False	False	False	False	True	False	False	False	False	False	False
Ada County, Idaho, United States	False	False	False	False	False	False	True	False	False	False	False
Adams County, Colorado, United States	False	False	False	False	False	False	True	False	False	False	False
Alachua County, Florida, United States	True	False	False	True	True	True	True	True	True	False	True
Alameda County, California, United States	False	False	False	False	True	False	False	False	False	False	False
Alb-Donau District, Baden-Wurttemberg, Germany	False	True	False	False	False	False	True	False	False	False	False
Albacete, Castilla-La Mancha, Spain	False	False	False	True	True	False	False	False	False	False	False
Algoma, Ontario, Canada	False	False	False	False	False	False	True	False	False	False	False
Androscoggin County, Maine, United States	False	False	False	False	False	False	True	False	False	False	False
Ankang City, Shaanxi, China	True	False	False	True	True	True	True	False	False	True	False
Anqing City, Anhui, China	False	False	False	False	False	True	True	False	False	False	False
Arapahoe County, Colorado, United States	False	False	False	False	True	False	True	False	False	True	False
Arida District, Wakayama Prefecture, Japan	False	True	False	False	True	False	True	True	False	False	False
Arlington County, Virginia, United States	False	False	False	False	False	False	False	True	False	False	False
Asahikawa, Hokkaido, Japan	False	False	False	False	False	False	False	True	False	False	False
Baicheng City, Jilin, China	False	False	False	False	False	False	False	True	False	False	False
Baise City, Guangxi, China	False	False	False	False	True	False	False	False	False	False	False
Baiyin City, Gansu, China	False	False	False	False	True	False	False	True	False	False	False
Baker County, Florida, United States	False	False	False	False	False	False	True	True	True	True	True
Baltimore County, Maryland, United States	False	False	False	True	False	False	False	True	False	False	False
Baoji City, Shaanxi, China	False	False	False	False	False	True	True	True	True	False	False
Baoshan City, Yunnan, China	False	False	False	False	False	False	False	True	False	False	False
Baotou City, Inner Mongolia, China	False	False	False	False	True	False	True	False	False	False	False
Barcelona, Catalonia, Spain	False	False	False	False	True	True	False	False	False	False	False
Bas-Rhin, Grand Est, France	False	False	False	False	True	False	False	False	False	False	False
Bay County, Florida, United States	False	False	False	False	False	True	True	True	True	False	False
Beadle County, South Dakota, United States	False	False	False	False	False	True	False	False	False	False	False
Beekdaelen, Limburg, Netherlands	False	False	False	False	False	False	False	False	True	False	False
Beihai City, Guangxi, China	False	False	False	True	False	False	True	True	True	False	False
Beijing, Beijing, China	False	True	False	True	True	True	True	True	True	False	False
Belknap County, New Hampshire, United States	False	False	False	True	False	False	False	False	False	False	False
Bell County, Texas, United States	False	False	False	False	False	False	False	False	True	False	False
Bengbu City, Anhui, China	False	False	False	False	False	True	False	False	False	False	False
Bennington County, Vermont, United States	False	False	False	False	False	False	False	True	False	False	False
Bergen County, New Jersey, United States	False	False	False	False	True	False	True	False	True	False	False
Berkshire County, Massachusetts, United States	False	False	False	False	False	False	False	True	False	False	False
Bernalillo County, New Mexico, United States	True	True	False	True	True	True	True	True	True	True	False
Biberach District, Baden-Wurttemberg, Germany	False	False	False	False	False	True	False	False	False	False	False
Bijie City, Guizhou, China	False	False	False	True	True	True	True	False	False	False	False
Binh Xuyen District, Vinh Phuc, Vietnam	False	True	False	True	False	True	True	False	False	False	False
Blaine County, Idaho, United States	False	False	False	False	False	False	False	False	False	True	False
Bon Homme County, South Dakota, United States	False	False	False	False	False	False	False	True	False	False	False
Bourbon County, Kentucky, United States	False	False	False	False	False	False	False	True	False	False	False
Bozhou City, Anhui, China	False	False	False	True	True	False	True	True	False	False	False
Bradford County, Florida, United States	False	False	False	False	False	False	False	True	False	False	False
Brant, Ontario, Canada	False	False	False	False	False	True	False	False	False	False	False
Brevard County, Florida, United States	True	False	False	True	True	True	True	True	True	False	False
Broadwater County, Montana, United States	False	False	False	False	False	False	True	False	False	False	False
Broward County, Florida, United States	True	True	False	True	True	True	True	True	True	True	True
Buk, Ulsan, South Korea	False	True	False	True	False	False	True	False	False	False	False
Burleigh County, North Dakota, United States	False	False	False	True	False	False	True	False	False	False	False
Butler County, Kansas, United States	False	False	False	False	False	False	False	False	True	False	False
Calw District, Baden-Wurttemberg, Germany	False	False	False	True	False	False	False	False	False	False	False
Camden County, New Jersey, United States	False	False	False	False	False	False	False	True	False	False	False
Carroll County, New Hampshire, United States	False	False	False	True	False	False	False	False	False	False	False
Carson City County, Nevada, United States	False	False	False	False	False	False	False	False	True	False	False
Carver County, Minnesota, United States	False	False	False	False	False	False	True	False	False	False	False
Cass County, Nebraska, United States	False	False	False	False	False	False	True	False	False	False	False
Cass County, North Dakota, United States	False	False	False	True	False	False	False	False	False	False	False
Changchun City, Jilin, China	False	False	False	True	True	True	True	True	True	True	False
Changsha City, Hunan, China	False	False	False	False	False	False	True	False	False	False	False
Changzhou City, Jiangsu, China	False	False	False	False	True	False	False	False	False	False	False
Chaoyang City, Liaoning, China	False	False	False	False	False	True	False	False	False	False	False
Charles Mix County, South Dakota, United States	False	False	False	False	False	False	True	False	False	False	False
Charlotte County, Florida, United States	False	False	False	False	False	True	True	True	True	False	False
Chatham-Kent, Ontario, Canada	False	False	False	False	False	False	True	False	False	True	False
Chelan County, Washington, United States	False	False	False	True	False	False	True	False	False	False	False
Chengdu City, Sichuan, China	False	False	False	True	True	True	True	False	False	False	False
Cheongju, North Chungcheong, South Korea	True	False	False	True	False	False	True	False	False	False	False
Cheongwon, North Chungcheong, South Korea	False	False	False	True	True	True	False	False	False	False	False
Chittenden County, Vermont, United States	False	False	False	False	True	False	False	False	True	True	False
Chizhou City, Anhui, China	False	False	False	False	True	False	False	False	False	False	False
Chongqing County, Chongqing, China	False	False	False	False	False	True	False	False	False	False	False
Chuncheon, Gangwon, South Korea	False	False	False	False	True	False	False	False	False	False	False
Chungju, North Chungcheong, South Korea	False	False	False	False	True	True	True	False	False	False	False
Chuxiong Prefecture, Yunnan, China	False	True	False	False	False	False	False	False	False	False	False
Cibola County, New Mexico, United States	False	False	False	False	False	False	True	False	False	False	False
Citrus County, Florida, United States	False	True	False	False	True	False	True	True	True	True	False
Clark County, Kentucky, United States	False	False	False	False	False	True	False	False	False	False	False
Clark County, Nevada, United States	False	False	False	True	True	True	True	True	True	False	False
Clark County, Washington, United States	False	False	False	False	False	True	False	False	True	False	False
Clay County, Florida, United States	False	False	False	True	True	True	True	True	True	True	True
Collier County, Florida, United States	False	True	False	True	True	True	True	True	True	True	True
Collin County, Texas, United States	False	False	False	False	True	True	True	False	False	False	False
Columbia County, Florida, United States	False	False	False	False	False	True	False	False	True	False	False
Comox-Strathcona, British Columbia, Canada	False	False	False	False	False	False	False	True	False	False	False
Cook County, Illinois, United States	False	False	False	False	False	True	True	True	True	True	False
Copiah County, Mississippi, United States	False	False	False	False	False	False	False	True	False	False	False
Cumberland County, Illinois, United States	False	False	False	False	False	False	False	False	True	False	False
Cumberland County, Maine, United States	False	False	False	True	False	True	True	True	True	True	False
Curry County, New Mexico, United States	False	False	False	False	False	False	True	False	False	False	False
Cuyahoga County, Ohio, United States	False	False	False	False	False	False	True	False	False	False	False
Dakota County, Minnesota, United States	False	True	False	False	False	False	False	False	False	False	False
Dali Prefecture, Yunnan, China	False	True	False	False	True	True	False	False	True	False	False
Dalian City, Liaoning, China	False	False	False	False	True	False	False	False	False	False	False
Dallas County, Texas, United States	False	False	False	False	True	True	True	True	False	False	False
Danyang, North Chungcheong, South Korea	False	False	False	False	False	True	False	False	False	False	False
Danzhou City, Hainan, China	False	False	False	False	False	False	True	True	False	False	False
Datong City, Shanxi, China	False	False	False	True	False	False	False	False	False	False	False
Davis County, Utah, United States	False	False	False	False	False	False	False	True	False	False	False
Davison County, South Dakota, United States	False	False	False	False	True	False	False	False	False	False	False
Dazhou City, Sichuan, China	False	False	False	False	True	False	False	False	False	False	False
Denton County, Texas, United States	False	False	False	False	True	False	False	False	False	False	False
Denver County, Colorado, United States	False	True	False	False	True	True	True	False	True	False	False
Desoto County, Florida, United States	False	False	False	True	True	False	True	True	False	False	True
Dingxi City, Gansu, China	False	False	False	True	True	True	True	False	True	False	False
District of Columbia County, District of Columbia, United States	True	True	False	True	True	True	True	True	True	True	False
Dona Ana County, New Mexico, United States	False	False	False	True	True	False	True	True	False	False	False
Dong, Ulsan, South Korea	False	False	False	False	True	False	False	True	True	False	False
Douglas County, Colorado, United States	False	False	False	False	False	True	False	False	True	False	False
Douglas County, Kansas, United States	False	False	False	True	False	False	False	False	False	False	False
Douglas County, Nebraska, United States	False	False	False	False	True	True	True	True	False	False	False
Dupage County, Illinois, United States	False	False	False	False	False	False	False	True	False	False	False
Durham, Ontario, Canada	False	False	False	False	False	False	True	True	True	True	False
Duval County, Florida, United States	False	True	False	True	True	True	True	True	True	True	True
Eagle County, Colorado, United States	False	False	False	True	True	True	True	True	True	True	False
Eaton County, Michigan, United States	False	False	False	False	False	False	False	False	False	True	False
Eddy County, New Mexico, United States	False	False	False	False	False	False	False	False	True	False	False
El Paso County, Colorado, United States	False	False	False	False	False	True	False	False	False	False	False
El Paso County, Texas, United States	False	True	False	False	False	False	False	False	False	False	False
Escambia County, Florida, United States	False	False	False	True	True	True	True	True	True	False	True
Esslingen District, Baden-Wurttemberg, Germany	False	True	False	True	False	False	True	True	False	False	False
Eumseong, North Chungcheong, South Korea	False	False	False	False	False	False	True	False	False	False	False
Fairfield County, Connecticut, United States	False	False	False	True	False	False	False	True	False	False	False
Fangchenggang City, Guangxi, China	False	True	False	True	True	True	True	True	False	False	False
Fayette County, Kentucky, United States	False	False	False	False	True	True	False	False	True	False	False
Flagler County, Florida, United States	False	True	False	False	True	True	True	True	True	False	False
Floyd County, Georgia, United States	False	False	False	False	False	True	False	False	False	False	False
Ford County, Kansas, United States	False	False	False	False	False	False	False	True	False	False	False
Forrest County, Mississippi, United States	False	False	False	False	False	False	False	True	False	False	False
Fort Bend County, Texas, United States	False	False	False	False	False	False	False	False	True	False	False
Foshan City, Guangdong, China	False	False	False	False	False	True	False	False	False	False	False
Franklin County, Washington, United States	False	False	False	True	False	False	False	False	False	False	False
Frederick County, Maryland, United States	False	False	False	False	True	False	False	False	False	False	False
Freiburg, Baden-Wurttemberg, Germany	False	True	False	False	False	True	True	True	False	False	False
Fulton County, Georgia, United States	False	False	False	False	False	False	True	False	False	False	False
Fuyang City, Anhui, China	False	False	False	True	True	True	True	False	False	False	False
Fuzhou City, Fujian, China	False	False	False	False	True	False	False	False	True	False	False
Fuzhou City, Jiangxi, China	True	False	False	True	True	True	True	False	False	False	False
Gadsden County, Florida, United States	False	False	False	False	False	False	True	False	False	False	False
Gallatin County, Montana, United States	False	False	False	True	False	True	False	False	False	False	False
Gangneung, Gangwon, South Korea	False	False	False	False	False	True	False	False	False	False	False
Gannan Prefecture, Gansu, China	False	False	False	False	False	True	True	True	False	False	False
Ganzhou City, Jiangxi, China	False	False	False	True	False	True	False	False	False	False	False
Ganzi Tibetan Autonomous Prefecture, Sichuan, China	False	False	False	False	False	False	True	False	False	False	False
Giessen, Hesse, Germany	False	False	False	True	False	False	False	False	False	False	False
Goesan, North Chungcheong, South Korea	False	False	False	False	False	False	True	True	True	True	True
Goppingen, Baden-Wurttemberg, Germany	False	False	False	True	False	False	False	False	False	False	False
Grafschaft Bentheim, Lower Saxony, Germany	False	False	False	False	True	False	False	False	False	False	False
Grant County, Washington, United States	False	False	False	False	False	False	False	False	False	True	False
Greater Sudbury, Ontario, Canada	False	False	False	False	False	False	True	False	False	False	False
Greene County, Missouri, United States	False	False	False	True	False	False	False	False	False	False	False
Guang'an City, Sichuan, China	False	False	False	False	False	False	True	False	False	False	False
Guilin City, Guangxi, China	False	False	False	False	True	True	False	False	False	False	False
Guiyang City, Guizhou, China	True	False	False	False	True	False	True	True	False	False	False
Gunnison County, Colorado, United States	False	False	False	False	False	True	True	False	False	False	False
Haibei Prefecture, Qinghai, China	False	False	False	True	False	False	False	False	False	False	False
Haikou City, Hainan, China	False	False	False	False	True	True	True	True	False	False	False
Halifax, Nova Scotia, Canada	False	False	False	False	True	False	True	False	False	False	False
Halton, Ontario, Canada	False	False	False	False	True	True	True	False	False	False	False
Hamilton, Ontario, Canada	False	False	False	False	True	False	True	True	True	False	False
Hannover Region, Lower Saxony, Germany	False	False	False	False	False	False	False	True	False	False	False
Hanzhong City, Shaanxi, China	False	False	False	False	True	True	False	True	True	False	False
Harbin City, Heilongjiang, China	False	False	False	False	False	True	False	False	False	False	False
Harford County, Maryland, United States	False	False	False	False	False	False	False	True	False	True	False
Harrison County, Kentucky, United States	False	False	False	True	False	False	True	True	False	False	False
Haute-Savoie, Auvergne-Rhone-Alpes, France	False	False	False	False	False	False	True	False	False	False	False
Hechi City, Guangxi, China	True	False	False	False	True	True	False	False	False	False	False
Hefei City, Anhui, China	False	True	False	True	True	True	True	True	True	False	False
Heidenheim District, Baden-Wurttemberg, Germany	False	False	False	False	False	False	False	False	False	True	False
Heilbronn District, Baden-Wurttemberg, Germany	False	False	False	True	True	False	True	False	True	True	True
Heinsberg, North Rhine-Westphalia, Germany	False	False	False	False	False	True	False	False	False	False	False
Hennepin County, Minnesota, United States	False	False	False	False	True	False	False	True	False	False	False
Hernando County, Florida, United States	False	True	False	True	True	False	True	True	True	True	False
Highlands County, Florida, United States	False	False	False	True	True	False	True	False	True	False	False
Hillsborough County, Florida, United States	True	True	False	True	True	True	True	True	True	True	False
Hochtaunus District, Hesse, Germany	False	False	False	True	False	False	False	False	False	False	False
Hohenlohe District, Baden-Wurttemberg, Germany	False	False	False	False	False	False	True	False	False	False	False
Honghe Prefecture, Yunnan, China	False	False	False	False	True	True	False	False	False	False	False
Huaihua City, Hunan, China	False	False	False	False	True	True	False	False	False	False	False
Huainan City, Anhui, China	False	False	False	True	False	False	True	False	False	False	False
Hudson County, New Jersey, United States	False	False	False	False	True	True	False	False	False	False	False
Hulunbuir City, Inner Mongolia, China	False	False	False	False	True	False	False	False	False	False	False
Ichikawa, Chiba Prefecture, Japan	False	False	False	False	False	False	True	False	False	True	False
Indian River County, Florida, United States	False	False	False	True	True	True	True	True	True	True	False
Ingham County, Michigan, United States	False	True	False	False	False	False	False	False	False	False	False
Isere, Auvergne-Rhone-Alpes, France	True	False	False	False	False	False	False	False	False	False	False
Island County, Washington, United States	False	False	False	False	False	False	True	False	True	False	False
Jackson County, Florida, United States	False	False	False	False	True	False	False	False	False	False	False
Jackson County, Oregon, United States	False	False	False	False	False	False	True	False	True	False	False
Jefferson County, Colorado, United States	False	False	False	False	False	False	True	False	True	False	False
Jefferson County, Kentucky, United States	False	False	False	False	True	False	True	True	True	True	False
Jeungpyeong, North Chungcheong, South Korea	False	False	False	False	True	False	False	False	False	False	False
Jilin City, Jilin, China	False	False	False	False	True	False	False	False	True	False	False
Jincheng City, Shanxi, China	False	False	False	True	False	False	False	False	False	False	False
Johnson County, Kansas, United States	False	False	False	False	False	False	True	False	False	False	False
Jung, Ulsan, South Korea	False	False	False	True	False	True	False	False	False	False	False
Kaiserslautern, Rhineland-Palatinate, Germany	False	False	False	True	True	False	False	False	False	False	False
Kane County, Illinois, United States	False	False	False	False	False	False	False	True	True	False	False
Karlsruhe District, Baden-Wurttemberg, Germany	False	True	False	False	False	False	False	False	False	False	False
Kennebec County, Maine, United States	False	False	False	False	True	False	False	False	False	False	False
Kent County, Michigan, United States	False	True	False	False	False	False	False	False	False	False	False
King County, Washington, United States	False	True	False	True	True	True	True	True	True	True	True
Kitsap County, Washington, United States	False	False	False	False	False	False	False	False	True	False	False
Kittitas County, Washington, United States	False	False	False	False	False	False	True	True	False	False	False
Knox County, Nebraska, United States	False	True	False	False	True	False	False	False	False	False	False
Konstanz District, Baden-Wurttemberg, Germany	False	False	False	False	False	False	True	False	False	False	False
Kunming City, Yunnan, China	True	False	False	True	True	True	True	True	False	False	False
Kyoto, Kyoto Prefecture, Japan	False	False	False	False	True	False	True	False	False	False	False
LaPorte County, Indiana, United States	False	False	False	False	False	False	True	False	False	False	False
Lahn-Dill District, Hesse, Germany	False	False	False	False	True	False	False	False	False	False	False
Lake County, Florida, United States	False	False	False	True	True	True	True	True	True	True	False
Lake County, Illinois, United States	False	False	False	False	False	False	True	False	False	False	False
Lake St. Clair County, Michigan, United States	False	True	False	False	False	False	False	False	False	False	False
Lanzhou City, Gansu, China	False	False	False	True	True	True	True	True	True	True	False
Laramie County, Wyoming, United States	False	False	False	False	False	False	False	True	False	False	False
Larimer County, Colorado, United States	False	False	False	False	False	False	True	False	False	False	False
Lea County, New Mexico, United States	False	False	False	False	False	False	False	False	True	False	False
Lee County, Florida, United States	False	True	False	True	True	True	True	True	True	True	True
Leon County, Florida, United States	False	True	False	False	True	True	True	True	False	False	False
Leshan City, Sichuan, China	False	False	False	False	True	False	False	False	False	False	False
Levy County, Florida, United States	False	False	False	False	False	False	False	True	False	False	False
Lewis County, Washington, United States	False	False	False	False	False	False	False	False	False	True	False
Lhasa City, Tibet, China	False	False	False	False	True	False	False	False	False	False	False
Liangshan Prefecture, Sichuan, China	False	False	False	False	False	True	False	False	False	False	False
Liaoyuan City, Jilin, China	True	False	False	True	True	True	True	True	False	False	False
Lijiang City, Yunnan, China	False	False	False	False	True	False	False	True	False	False	False
Lincoln County, Maine, United States	False	False	False	False	True	True	False	False	False	False	False
Lincoln County, Nebraska, United States	False	False	False	True	False	True	True	False	False	False	False
Linn County, Oregon, United States	False	False	False	False	False	False	False	False	True	False	False
Linxia Prefecture, Gansu, China	False	False	False	True	True	False	False	False	False	False	False
Linyi City, Shandong, China	False	False	False	False	False	False	False	True	False	False	False
Liupanshui City, Guizhou, China	False	False	False	True	True	True	False	False	False	False	False
Liuzhou City, Guangxi, China	False	False	False	False	False	True	False	False	False	False	False
Longnan City, Gansu, China	False	False	False	True	False	False	True	False	False	False	False
Lorrach, Baden-Wurttemberg, Germany	False	False	False	False	True	False	False	False	False	False	False
Loudoun County, Virginia, United States	False	False	False	False	False	True	False	False	False	False	False
Ludwigsburg District, Baden-Wurttemberg, Germany	False	False	False	False	False	True	False	True	False	False	False
Luoyang City, Henan, China	False	False	False	True	False	False	False	False	False	False	False
Luzhou City, Sichuan, China	False	False	False	False	True	False	False	False	False	False	False
Lyon County, Kentucky, United States	False	False	False	False	False	False	False	True	False	False	False
Ma'anshan City, Anhui, China	False	False	False	False	False	True	True	False	False	False	False
Maastricht, Limburg, Netherlands	False	False	False	False	False	True	False	False	False	False	False
Madison County, Idaho, United States	False	False	False	True	False	False	False	False	False	False	False
Main-Tauber District, Baden-Wurttemberg, Germany	False	False	False	False	False	True	False	False	False	False	False
Manatee County, Florida, United States	False	True	False	False	True	True	True	True	True	True	False
Mannheim, Baden-Wurttemberg, Germany	False	False	False	True	True	False	True	True	False	False	False
Maricopa County, Arizona, United States	False	False	False	True	False	True	False	False	True	False	False
Marion County, Florida, United States	False	True	False	True	True	True	True	True	True	True	False
Martin County, Florida, United States	False	False	False	True	True	True	True	True	True	True	False
Matsuyama, Ehime, Japan	False	False	False	False	True	False	False	False	False	False	False
McHenry County, Illinois, United States	False	True	False	False	False	False	False	True	False	False	False
McKinley County, New Mexico, United States	True	True	False	False	True	False	False	False	False	False	False
Mecklenburgische Seenplatte, Mecklenburg-Vorpommern, Germany	False	False	False	False	False	False	True	False	False	False	False
Merrimack County, New Hampshire, United States	False	False	False	True	False	False	False	False	False	False	False
Miami-Dade County, Florida, United States	True	True	False	True	True	True	True	True	True	True	True
Mianyang City, Sichuan, China	False	True	False	False	True	False	False	False	False	False	False
Middlesex County, Massachusetts, United States	False	False	False	False	False	True	True	True	False	False	False
Minnehaha County, South Dakota, United States	False	False	False	False	False	True	True	False	False	False	False
Missoula County, Montana, United States	False	False	False	True	True	False	True	False	False	False	False
Monroe County, Florida, United States	False	True	False	True	True	True	True	True	True	True	False
Montcalm County, Michigan, United States	False	True	False	False	False	False	False	False	False	False	False
Montgomery County, Kentucky, United States	False	False	False	False	False	False	True	False	False	False	False
Montgomery County, Maryland, United States	False	False	False	True	False	False	True	True	True	False	False
Montgomery County, Texas, United States	False	False	False	False	False	True	False	False	False	False	False
Morbihan, Bretagne, France	False	False	False	False	False	False	False	False	False	False	True
Mudanjiang City, Heilongjiang, China	False	False	False	False	False	False	False	True	False	False	False
Mueang Nonthaburi District, Nonthaburi, Thailand	True	False	False	True	False	False	True	True	False	False	False
Nam, Ulsan, South Korea	False	False	False	True	True	True	True	True	True	False	False
Nanchong City, Sichuan, China	False	False	False	True	True	False	False	False	False	False	False
Nanjing City, Jiangsu, China	False	False	False	False	False	True	False	False	False	False	False
Nassau County, Florida, United States	False	False	False	False	False	False	True	True	True	False	False
Navajo County, Arizona, United States	False	False	False	False	False	True	False	True	False	False	False
Neijiang City, Sichuan, China	False	True	False	False	False	True	False	False	False	False	False
Nelson County, Kentucky, United States	False	False	False	False	False	False	True	False	False	False	False
Nemaha County, Nebraska, United States	False	False	False	False	False	False	False	True	False	False	False
New Castle County, Delaware, United States	False	False	False	False	False	False	True	False	False	False	False
Niagara, Ontario, Canada	False	False	False	False	False	False	True	False	False	True	False
Ningde City, Fujian, China	False	False	False	False	False	True	False	False	False	False	False
Norfolk County, Massachusetts, United States	False	False	False	True	False	False	False	False	False	False	False
Oakland County, Michigan, United States	False	True	False	False	False	False	False	False	False	False	False
Oberhavel, Brandenburg, Germany	False	False	False	False	False	False	True	False	False	False	False
Okaloosa County, Florida, United States	False	False	False	True	True	True	True	True	True	True	False
Okhotsk, Hokkaido, Japan	False	False	False	False	True	False	False	False	True	False	False
Oklahoma County, Oklahoma, United States	False	False	False	False	False	False	False	True	False	False	False
Oldenburg (Kreisfreie Stadt), Lower Saxony, Germany	False	False	False	True	False	True	False	False	False	False	False
Olmsted County, Minnesota, United States	False	False	False	False	False	False	True	False	False	False	False
Orange County, California, United States	False	False	False	False	True	False	True	True	False	False	False
Orange County, Florida, United States	True	True	True	True	True	True	True	True	True	True	True
Orange County, Vermont, United States	False	False	False	False	False	False	False	True	False	False	False
Ordos City, Inner Mongolia, China	False	False	False	False	False	True	False	False	False	False	False
Ortenau District, Baden-Wurttemberg, Germany	False	True	False	False	False	False	True	False	False	False	False
Osceola County, Florida, United States	False	True	False	True	True	True	True	True	True	True	True
Ostalb District, Baden-Wurttemberg, Germany	False	False	False	False	True	True	False	False	False	False	False
Ottawa, Ontario, Canada	False	False	False	True	False	True	False	True	False	False	False
Oxford County, Maine, United States	False	False	False	False	False	False	True	False	False	False	False
Palm Beach County, Florida, United States	True	True	False	True	True	True	True	True	True	True	True
Pasco County, Florida, United States	False	False	False	True	True	True	True	True	True	False	False
Pearl River County, Mississippi, United States	False	False	False	False	False	False	False	True	False	False	False
Peel, Ontario, Canada	False	False	False	True	True	False	True	True	False	False	False
Peterborough, Ontario, Canada	False	False	False	False	True	False	False	False	False	False	False
Pierce County, Washington, United States	True	True	False	True	True	True	True	True	True	True	False
Pima County, Arizona, United States	False	False	False	False	False	False	False	True	False	False	False
Pinal County, Arizona, United States	False	False	False	False	True	True	False	False	False	True	False
Pinellas County, Florida, United States	False	True	False	True	True	True	True	True	True	True	False
Pingliang City, Gansu, China	True	False	False	True	True	False	True	False	False	False	False
Pitkin County, Colorado, United States	False	False	False	True	False	False	True	True	True	False	False
Polk County, Florida, United States	True	False	False	True	True	True	True	True	True	True	False
Prince George's County, Maryland, United States	False	False	False	False	False	False	False	True	False	False	False
Putnam County, Florida, United States	False	False	False	True	True	True	False	True	True	True	False
Qiandongnan Prefecture, Guizhou, China	False	False	False	True	False	False	True	False	False	False	False
Qiannan Prefecture, Guizhou, China	False	False	False	True	False	False	False	True	False	False	False
Qianxinan Prefecture, Guizhou, China	False	False	False	False	True	True	False	False	False	False	False
Qingyang City, Gansu, China	False	False	False	True	True	False	False	False	False	False	False
Qujing City, Yunnan, China	False	False	False	True	False	True	True	False	False	False	False
Ramsey County, Minnesota, United States	False	False	False	False	True	False	False	False	False	False	False
Ravensburg District, Baden-Wurttemberg, Germany	False	False	False	False	False	False	True	False	False	False	False
Reggio Emilia, Emilia-Romagna, Italy	False	False	False	True	False	False	False	False	False	False	False
Regionalverband Saarbrucken, Saarland, Germany	False	False	False	False	False	False	False	True	False	False	False
Rems-Murr District, Baden-Wurttemberg, Germany	False	True	False	False	False	True	True	False	False	False	False
Renville County, Minnesota, United States	False	False	False	False	True	False	False	False	False	False	False
Rhein-Neckar District, Baden-Wurttemberg, Germany	False	False	False	False	True	False	True	True	False	False	False
Rio Arriba County, New Mexico, United States	False	False	False	False	False	False	False	True	True	False	False
Rockingham County, New Hampshire, United States	False	False	False	True	False	False	False	False	False	False	False
Saale-Orla District, Thuringia, Germany	False	False	False	False	False	False	True	False	False	False	False
Saarpfalz District, Saarland, Germany	False	False	False	False	False	False	True	False	False	False	False
Sachsische Schweiz-Osterzgebirge, Saxony, Germany	False	False	False	False	False	False	False	True	False	False	False
Saint Clair County, Illinois, United States	False	False	False	False	False	False	False	True	True	False	False
Saint Johns County, Florida, United States	False	True	False	True	True	True	True	True	True	True	True
Saint Lucie County, Florida, United States	False	True	False	True	True	True	True	True	True	False	True
Salamanca, Castilla y Leon, Spain	False	True	False	False	False	False	False	False	False	False	False
San Benito County, California, United States	False	False	False	False	False	False	True	False	False	False	False
San Bernardino County, California, United States	False	False	False	False	False	False	True	False	False	False	False
San Diego County, California, United States	False	False	False	False	False	False	True	False	False	False	False
San Francisco County, California, United States	False	False	False	False	False	True	False	False	False	False	True
San Juan County, New Mexico, United States	False	False	False	False	True	True	True	False	True	False	False
San Luis Obispo County, California, United States	False	False	False	False	False	False	False	True	False	False	False
Sandoval County, New Mexico, United States	False	True	False	False	True	True	True	True	False	True	False
Sanmenxia City, Henan, China	False	False	False	False	True	False	False	False	False	False	False
Santa Barbara County, California, United States	False	False	False	False	False	False	False	True	False	False	False
Santa Clara County, California, United States	False	False	False	False	False	False	False	True	False	False	False
Santa Fe County, New Mexico, United States	False	False	False	True	True	True	True	True	True	False	False
Santa Rosa County, Florida, United States	True	True	False	True	False	True	True	True	True	True	False
Sanya City, Hainan, China	True	True	False	True	True	True	True	True	False	False	False
Sarasota County, Florida, United States	False	False	False	True	True	True	True	True	True	True	True
Sarpy County, Nebraska, United States	False	False	False	False	True	False	False	False	False	False	False
Seminole County, Florida, United States	False	True	False	True	True	True	True	True	True	False	False
Shangluo City, Shaanxi, China	False	False	False	True	True	True	False	True	False	False	False
Shasta County, California, United States	False	False	False	False	False	False	True	False	False	False	False
Shenyang City, Liaoning, China	False	False	False	False	False	False	True	False	False	False	False
Shenzhen City, Guangdong, China	False	False	False	False	True	False	False	True	False	False	False
Shijiazhuang City, Hebei, China	False	False	False	False	False	False	False	False	True	False	False
Sigmaringen District, Baden-Wurttemberg, Germany	False	False	False	False	False	True	False	False	False	False	False
Silver Bow County, Montana, United States	False	False	False	False	False	False	True	False	False	False	False
Simcoe, Ontario, Canada	False	False	False	False	False	True	False	False	False	False	False
Simpelveld, Limburg, Netherlands	False	False	False	False	False	True	False	False	False	False	False
Siping City, Jilin, China	False	True	False	True	True	True	True	False	False	True	False
Sittard-Geleen, Limburg, Netherlands	False	False	False	False	False	False	True	False	False	False	False
Skagit County, Washington, United States	False	False	False	True	True	True	False	True	True	False	False
Snohomish County, Washington, United States	False	False	False	True	True	True	True	True	True	True	True
Socorro County, New Mexico, United States	False	False	False	False	False	False	False	True	False	False	False
Somme, Hauts-de-France, France	False	False	False	False	False	False	True	False	False	False	False
Spotsylvania County, Virginia, United States	False	False	False	False	False	False	True	False	False	False	False
Stark County, Ohio, United States	False	False	False	False	False	False	True	False	False	False	False
Stearns County, Minnesota, United States	False	False	False	False	False	False	False	True	False	False	False
Stuttgart, Baden-Wurttemberg, Germany	False	False	False	False	False	True	True	False	False	False	False
Suffolk County, New York, United States	False	False	False	False	False	True	False	False	False	False	False
Suining City, Sichuan, China	False	False	False	True	False	False	False	False	False	False	False
Summit County, Colorado, United States	False	False	False	False	True	False	False	False	False	False	False
Sumter County, Florida, United States	False	True	False	False	True	True	False	True	True	True	True
Suwannee County, Florida, United States	False	False	False	False	False	False	True	False	False	False	False
Suzhou City, Jiangsu, China	False	False	False	False	True	False	False	False	False	False	False
Tam Dao District, Vinh Phuc, Vietnam	False	False	False	False	True	False	False	False	False	False	False
Taos County, New Mexico, United States	False	False	False	False	False	False	True	False	True	False	False
Teton County, Wyoming, United States	False	False	False	False	False	False	False	True	False	False	False
Thurston County, Washington, United States	False	False	False	False	False	False	True	False	False	False	False
Tianjin City District, Tianjin, China	False	False	False	False	False	False	True	True	False	False	False
Tianjin City, Tianjin, China	True	False	False	True	True	True	True	True	False	False	False
Tianshui City, Gansu, China	False	False	False	False	True	True	True	True	False	False	True
Tongchuan City, Shaanxi, China	False	False	False	True	False	False	True	False	True	False	False
Tonghua City, Jilin, China	False	False	False	False	True	True	True	True	False	False	False
Tongliao City, Inner Mongolia, China	False	False	False	False	False	False	False	True	False	False	False
Tongren City, Guizhou, China	False	False	False	True	False	False	True	False	False	True	False
Tulsa County, Oklahoma, United States	False	False	False	True	False	False	True	False	False	False	False
Ulju, Ulsan, South Korea	False	False	False	True	False	False	False	False	False	False	False
Ulm, Baden-Wurttemberg, Germany	False	True	False	False	False	True	True	False	False	False	False
Union County, New Jersey, United States	False	False	False	False	False	False	False	True	False	False	False
Urumqi City, Xinjiang, China	False	False	False	False	False	True	True	False	False	False	False
Volusia County, Florida, United States	False	True	False	True	True	True	True	True	True	True	False
Vorpommern-Greifswald, Mecklenburg-Vorpommern, Germany	False	False	False	False	False	False	False	True	False	False	False
Vorpommern-Rugen, Mecklenburg-Vorpommern, Germany	False	False	False	False	False	True	True	False	False	False	False
Walton County, Florida, United States	False	False	False	True	True	True	True	True	True	False	False
Ward County, North Dakota, United States	False	False	False	False	False	False	False	True	False	False	False
Waseca County, Minnesota, United States	False	False	False	False	False	True	False	False	False	False	False
Washington County, Florida, United States	False	False	False	False	False	False	True	False	False	False	False
Washington County, Oregon, United States	False	False	False	False	False	False	True	False	False	False	False
Washington County, Vermont, United States	False	False	False	False	False	False	True	False	False	False	False
Washoe County, Nevada, United States	False	False	False	True	True	True	False	True	False	False	False
Washtenaw County, Michigan, United States	False	True	False	False	False	False	False	False	False	False	False
Waterloo, Ontario, Canada	False	False	False	True	False	True	True	False	False	False	False
Weihai City, Shandong, China	False	False	False	False	True	False	False	False	False	False	False
Weinan City, Shaanxi, China	False	False	False	False	True	False	False	False	False	False	False
Wenshan Zhuang and Miao Autonomous Prefecture, Yunnan, China	False	True	False	False	False	False	False	False	False	False	False
Wenzhou City, Zhejiang, China	False	False	False	False	False	True	False	False	False	False	False
Westchester County, New York, United States	False	False	False	False	False	True	False	False	False	False	False
Whatcom County, Washington, United States	False	False	False	False	False	False	False	True	False	False	False
Williamson County, Tennessee, United States	False	False	False	False	False	True	False	False	False	False	False
Windham County, Vermont, United States	False	False	False	False	False	True	False	False	False	False	False
Windsor County, Vermont, United States	False	False	False	True	False	False	False	False	False	False	True
Wonju, Gangwon, South Korea	False	False	False	True	False	True	True	True	False	False	False
Woodford County, Illinois, United States	False	False	False	False	False	False	False	False	True	False	False
Wuhai City, Inner Mongolia, China	False	False	False	False	False	False	True	False	False	False	False
Wuhan City, Hubei, China	False	False	False	False	True	True	True	True	True	True	False
Wuzhou City, Guangxi, China	False	False	False	False	False	True	False	False	False	False	False
Wyandotte County, Kansas, United States	False	True	False	False	False	True	True	False	False	False	False
Xi'an City, Shaanxi, China	False	False	False	True	True	True	True	True	True	True	False
Xiamen City, Fujian, China	False	False	False	False	True	False	False	False	False	False	False
Xianyang City, Shaanxi, China	False	False	False	True	True	True	False	True	False	False	False
Xining City, Qinghai, China	True	True	False	True	True	True	False	False	False	False	False
Xinxiang City, Henan, China	False	False	False	False	True	False	False	False	False	False	False
Xishuangbanna Prefecture, Yunnan, China	False	False	False	False	True	False	False	False	False	False	False
Ya'an City, Sichuan, China	False	False	False	False	False	True	False	False	False	False	False
Yan'an City, Shaanxi, China	True	False	False	True	False	False	False	False	False	False	False
Yanbian Prefecture, Jilin, China	False	False	False	False	True	False	True	False	False	False	False
Yellowstone County, Montana, United States	False	False	False	True	False	False	True	False	False	False	False
Yeongi, Sejong, South Korea	False	True	False	True	True	True	True	False	False	False	False
Yichang City, Hubei, China	False	False	False	False	False	False	False	True	False	False	False
Yinchuan City, Ningxia Hui, China	False	False	False	True	False	False	False	False	False	False	False
York County, Maine, United States	False	False	False	False	False	False	True	False	False	False	False
York, Ontario, Canada	False	False	False	True	False	False	False	True	False	False	False
Yulin City, Guangxi, China	False	False	False	False	False	False	False	True	False	False	False
Yulin City, Shaanxi, China	False	False	False	False	False	False	False	True	False	False	False
Yuxi City, Yunnan, China	False	False	False	True	True	False	True	True	True	False	False
Zhaotong City, Yunnan, China	True	False	False	True	True	True	False	False	False	False	False
Zhengzhou City, Henan, China	False	False	False	False	True	False	False	True	False	False	False
Zhongshan City, Guangdong, China	False	False	False	False	False	True	False	False	False	False	False
Zhongwei City, Ningxia Hui, China	False	False	False	True	False	False	False	False	False	False	False
Zhoukou City, Henan, China	False	False	False	False	False	False	True	False	False	False	False
Zhuhai City, Guangdong, China	False	False	False	False	False	True	False	True	True	False	False
Zigong City, Sichuan, China	False	False	False	False	True	True	True	True	False	False	False
Zollernalb District, Baden-Wurttemberg, Germany	False	False	False	True	False	False	False	True	False	False	False
Zunyi City, Guizhou, China	False	True	False	True	True	False	False	True	True	True	False
